Google Ads campaign,Key events,Ads cost,Cost per key event,Ads clicks,Ads cost per click,Total revenue,Return on ad spend
[BC] Landing Page,290.166296,2641.98,9.105054709731004,2176,1.2141452205882353,0,0
[BC] [RMK] PMAX,60.599442,1041.862412,17.19260735107099,2767,0.3765314101915432,0,0
[BC] PMAX,19.335308,929.700689,48.0830555686002,1689,0.5504444576672587,0,0
[BC] Institucional,0,2.99,0,1,2.99,0,0